Matrix,CSR5 SpMV Time (ms)
1138_bus,0.0110141
144,0.0323041
2D_27628_bjtcai,0.0158648
2D_54019_highK,0.01903
2cubes_sphere,0.0195062
333SP,0.325068
3D_28984_Tetra,0.0192492
3D_51448_3D,0.0200253
3Dspectralwave,OOM
3Dspectralwave2,OOM
3dtube,0.0535859
3elt,0.0118733
3elt_dual,0.0116695
494_bus,0.0108134
598a,0.0273162
662_bus,0.0111503
685_bus,0.0108247
ABACUS_shell_hd,OOM
ABACUS_shell_ld,OOM
ABACUS_shell_md,OOM
ABACUS_shell_ud,0.0138762
ACTIVSg10K,0.012674
ACTIVSg2000,0.0124549
ACTIVSg70K,0.0123945
AS365,0.551387
ASIC_100k,0.0193106
ASIC_100ks,0.0135885
ASIC_320k,0.0438743
ASIC_320ks,0.0247921
ASIC_680k,0.060759
ASIC_680ks,0.0404767
Alemdar,0.0126956
Andrews,0.0204349
Baumann,0.014377
BenElechi1,0.129248
Binaryalphadigs_10NN,0.014591
Bump_2911,1.25105
CAG_mat1916,0.0232325
CAG_mat364,0.0199229
CAG_mat72,0.0126433
CO,0.0983716
CSphd,0.01169
California,0.0117207
Chebyshev1,0.0118364
Chebyshev2,0.0121866
Chebyshev3,0.0123781
Chebyshev4,0.0688497
Chem97ZtZ,0.0113961
Chevron1,OOM
Chevron2,OOM
Chevron3,OOM
Chevron4,OOM
CollegeMsg,0.0144568
CoupCons3D,0.225199
Cube_Coup_dt0,1.15679
Cube_Coup_dt6,1.15656
CurlCurl_0,0.0142397
CurlCurl_1,0.0375265
CurlCurl_2,0.108756
CurlCurl_3,0.161516
CurlCurl_4,0.304518
DK01R,0.0130273
Dubcova1,0.0159508
Dubcova2,0.0175094
Dubcova3,0.0489103
EAT_RS,0.0179948
EAT_SR,0.0168182
EPA,0.0115927
EVA,0.011774
EX1,0.014679
EX2,0.014249
EX3,0.0198236
EX4,0.0200294
EX5,0.0230892
EX6,0.0230257
Ecoli_10NN,0.0132987
Emilia_923,0.437614
Erdos02,0.0119409
Erdos971,0.0118231
Erdos972,0.0120863
Erdos981,0.0118661
Erdos982,0.0117719
Erdos991,0.0114903
Erdos992,0.0122071
F1,0.30457
F2,0.0874598
FA,0.0129628
FEM_3D_thermal1,0.0182886
FEM_3D_thermal2,0.0471593
Fashion_MNIST_norm_10NN,0.0166185
Fault_639,0.305483
Flan_1565,1.07825
Freescale1,0.278367
Freescale2,0.288628
FullChip,0.351261
G1,0.0214436
G10,0.0215757
G11,0.010924
G12,0.0109046
G13,0.0108534
G14,0.0132649
G15,0.0135516
G16,0.0134216
G17,0.0135977
G18,0.013311
G19,0.0129618
G2,0.0215378
G20,0.0131512
G21,0.0132495
G22,0.0175698
G23,0.0171049
G24,0.0172401
G25,0.0175196
G26,0.0171305
G27,0.017365
G28,0.0171674
G29,0.0174838
G2_circuit,0.0145347
G3,0.021332
G30,0.0174981
G31,0.0174449
G32,0.010965
G33,0.0112558
G34,0.0113316
G35,0.0142223
G36,0.0136253
G37,0.0136161
G38,0.013826
G39,0.0142234
G3_circuit,0.106953
G4,0.0213002
G40,0.0139725
G41,0.0135936
G42,0.0140841
G43,0.0156713
G44,0.0155402
G45,0.0154194
G46,0.0155177
G47,0.0159549
G48,0.0105421
G49,0.0107858
G5,0.0211415
G50,0.0109885
G51,0.0135782
G52,0.0135434
G53,0.0135803
G54,0.0138271
G55,0.0117064
G56,0.012031
G57,0.0110858
G58,0.0141046
G59,0.0146606
G6,0.0209521
G60,0.0120525
G61,0.0119501
G62,0.0109988
G63,0.0141076
G64,0.01408
G65,0.0112968
G66,0.0113418
G67,0.0111309
G7,0.0215347
G8,0.0211364
G9,0.0213617
GAP-road,1.11482
GAP-web,19.0405
GD00_c,0.011095
GD06_Java,0.0117453
GD96_a,0.0111872
GT01R,0.020437
G_n_pin_pout,0.0190648
Ga10As10H30,0.0927601
Ga19As19H42,0.120471
Ga3As3H12,0.08896
Ga41As41H72,0.219341
GaAsH6,0.0521646
Ge87H76,0.0983224
Ge99H100,0.100179
Geo_1438,0.653824
Glass_10NN,0.0127273
Goodwin_010,0.0180593
Goodwin_013,0.0192051
Goodwin_017,0.0199188
Goodwin_023,0.020054
Goodwin_030,0.0204933
Goodwin_040,0.0208957
Goodwin_054,0.0214098
Goodwin_071,0.0220498
Goodwin_095,0.0488407
Goodwin_127,0.0805632
H2O,0.0372931
HEP-th-new,0.0171151
HEP-th,0.0175227
HTC_336_4438,0.0174029
HTC_336_9129,0.0172052
HV15R,2.66354
Hamrle2,0.0115159
Hamrle3,0.0893256
Hardesty1,0.141811
Harvard500,0.0114125
Hook_1498,0.633014
Ill_Stokes,0.0145572
JapaneseVowelsSmall_10NN,0.0150917
Journals,0.0180521
Kaufhold,0.0115077
Kohonen,0.0121795
Kuu,0.0194877
L-9,0.0114145
L,0.0111995
LF10000,0.0116398
LFAT5000,0.0115692
LeGresley_2508,0.0117545
LeGresley_4908,0.012417
LeGresley_87936,0.0143135
Lederberg,0.0122266
Lin,0.0221286
Linux_call_graph,0.0216003
Long_Coup_dt0,0.807276
Long_Coup_dt6,0.807271
M10PI_n,0.0109486
M10PI_n1,0.011135
M20PI_n,0.010836
M20PI_n1,0.011049
M40PI_n,0.0111616
M40PI_n1,0.0114452
M6,0.502799
M80PI_n,0.0113684
M80PI_n1,0.0114196
MISKnowledgeMap,0.0190126
ML_Geer,0.987175
ML_Laplace,0.262089
Muu,0.017538
NACA0015,0.089471
NLR,0.662466
Na5,0.022313
NotreDame_www,0.0167434
NotreDame_yeast,0.0116285
ODLIS,0.0125655
OPF_10000,0.01472
OPF_3754,0.0141148
OPF_6000,0.0140186
Olivetti_norm_10NN,0.0129597
Oregon-1,0.0131297
Oregon-2,0.0128543
PFlow_742,0.362356
PGPgiantcompo,0.0115599
PR02R,0.0950917
Pd,0.0116378
Plants_10NN,0.0144701
Pres_Poisson,0.0207903
Queen_4147,3.11052
RFdevice,OOM
RM07R,0.39278
Raj1,0.0223222
Reuters911,0.0212111
Roget,0.0114371
S10PI_n,0.010878
S10PI_n1,0.0106301
S20PI_n,0.011094
S20PI_n1,0.0109496
S40PI_n,0.0110377
S40PI_n1,0.0110838
S80PI_n,0.01135
S80PI_n1,0.0108902
SciMet,0.0122307
Serena,0.671774
Si10H16,0.0233052
Si2,0.0176855
Si34H36,0.089897
Si41Ge41H72,0.179211
Si5H12,0.0228782
Si87H76,0.138318
SiH4,0.0225157
SiNa,0.0226724
SiO,0.0242903
SiO2,0.136119
Sieber,0.012203
SmaGri,0.0117658
Spectro_10NN,0.0142213
Stanford,0.0512297
Stanford_Berkeley,0.0969759
StocF-1465,0.236631
TEM152078,0.0851548
TEM181302,0.0920853
TEM27623,0.016514
TS,0.0157389
TSC_OPF_1047,0.0317583
TSC_OPF_300,0.0231557
TSOPF_FS_b162_c1,0.0236739
TSOPF_FS_b162_c3,0.0251269
TSOPF_FS_b162_c4,0.0359444
TSOPF_FS_b300,0.0590961
TSOPF_FS_b300_c1,0.0593234
TSOPF_FS_b300_c2,0.0942868
TSOPF_FS_b300_c3,0.131481
TSOPF_FS_b39_c19,0.0251351
TSOPF_FS_b39_c30,0.049922
TSOPF_FS_b39_c7,0.0208261
TSOPF_FS_b9_c1,0.0127887
TSOPF_FS_b9_c6,0.0144599
TSOPF_RS_b162_c1,0.0206121
TSOPF_RS_b162_c3,0.0224399
TSOPF_RS_b162_c4,0.0221716
TSOPF_RS_b2052_c1,0.0692122
TSOPF_RS_b2383,0.141111
TSOPF_RS_b2383_c1,0.14142
TSOPF_RS_b300_c1,0.0225751
TSOPF_RS_b300_c2,0.0453202
TSOPF_RS_b300_c3,0.0554906
TSOPF_RS_b39_c19,0.016598
TSOPF_RS_b39_c30,0.0166461
TSOPF_RS_b39_c7,0.0157409
TSOPF_RS_b678_c1,0.0543263
TSOPF_RS_b678_c2,0.0916582
TSOPF_RS_b9_c6,0.0121569
Transport,0.259205
Trefethen_150,0.0123392
Trefethen_200,0.0136274
Trefethen_2000,0.0177009
Trefethen_20000,0.0212152
Trefethen_20000b,0.0210401
Trefethen_200b,0.0135127
Trefethen_300,0.0141978
Trefethen_500,0.0142807
Trefethen_700,0.0155607
USAir97,0.0132526
USpowerGrid,0.0111729
Vehicle_10NN,0.0138619
Wordnet3,0.0167035
YaleA_10NN,0.01263
YaleB_10NN,0.0152525
Zd_Jac2,0.0259973
Zd_Jac2_db,0.0235448
Zd_Jac3,0.0275374
Zd_Jac3_db,0.0248576
Zd_Jac6,0.0262257
Zd_Jac6_db,0.0234824
Zewail,0.0141179
Zhao1,0.0120617
Zhao2,0.0117852
a0nsdsil,0.014508
a2nnsnsl,0.0138455
a5esindl,0.0147466
adaptive,0.475708
add20,0.0123894
add32,0.0111544
adder_dcop_01,0.011692
adder_dcop_02,0.0128942
adder_dcop_03,0.0118938
adder_dcop_04,0.013055
adder_dcop_05,0.0122737
adder_dcop_06,0.0124129
adder_dcop_07,0.0123494
adder_dcop_08,0.0131256
adder_dcop_09,0.0132721
adder_dcop_10,0.0127805
adder_dcop_11,0.0131185
adder_dcop_12,0.0127334
adder_dcop_13,0.0126587
adder_dcop_14,0.013097
adder_dcop_15,0.013186
adder_dcop_16,0.0129239
adder_dcop_17,0.0126915
adder_dcop_18,0.0128748
adder_dcop_19,0.0131389
adder_dcop_20,0.0126444
adder_dcop_21,0.0128881
adder_dcop_22,0.0131
adder_dcop_23,0.0126986
adder_dcop_24,0.0129137
adder_dcop_25,0.0130519
adder_dcop_26,0.0132065
adder_dcop_27,0.0131553
adder_dcop_28,0.0131359
adder_dcop_29,0.0132116
adder_dcop_30,0.0132076
adder_dcop_31,0.0127242
adder_dcop_32,0.0128809
adder_dcop_33,0.0128297
adder_dcop_34,0.0128389
adder_dcop_35,0.0131226
adder_dcop_36,0.0131041
adder_dcop_37,0.0131359
adder_dcop_38,0.0128553
adder_dcop_39,0.0129884
adder_dcop_40,0.0129178
adder_dcop_41,0.012885
adder_dcop_42,0.0131727
adder_dcop_43,0.0131553
adder_dcop_44,0.0131092
adder_dcop_45,0.0131543
adder_dcop_46,0.0126474
adder_dcop_47,0.0131082
adder_dcop_48,0.0127365
adder_dcop_49,0.012884
adder_dcop_50,0.0125788
adder_dcop_51,0.0128307
adder_dcop_52,0.0130304
adder_dcop_53,0.012716
adder_dcop_54,0.0129956
adder_dcop_55,0.0131768
adder_dcop_56,0.0131205
adder_dcop_57,0.0131748
adder_dcop_58,0.0131
adder_dcop_59,0.0131666
adder_dcop_60,0.0131205
adder_dcop_61,0.0130796
adder_dcop_62,0.0131758
adder_dcop_63,0.0130703
adder_dcop_64,0.013141
adder_dcop_65,0.0130253
adder_dcop_66,0.0128707
adder_dcop_67,0.0127314
adder_dcop_68,0.0126884
adder_dcop_69,0.0128461
adder_trans_01,0.0144067
adder_trans_02,0.0143432
af23560,0.0179753
af_0_k101,0.175193
af_1_k101,0.17509
af_2_k101,0.17514
af_3_k101,0.17521
af_4_k101,0.174809
af_5_k101,0.174944
af_shell1,0.174416
af_shell10,0.491388
af_shell2,0.174492
af_shell3,0.17459
af_shell4,0.17471
af_shell5,0.174519
af_shell6,0.17451
af_shell7,0.174471
af_shell8,0.174882
af_shell9,0.174782
aft01,0.0142889
aft02,OOM
airfoil1,0.0118149
airfoil1_dual,0.011134
airfoil_2d,0.017109
ak2010,0.0127744
al2010,0.0246456
amazon-2008,0.0763228
amazon0302,0.0254249
amazon0312,0.0543048
amazon0505,0.0527227
amazon0601,0.0526049
analytics,0.031615
apache1,0.0133939
apache2,0.0647885
appu,0.0324157
ar2010,0.0193987
arabic-2005,6.2815
arc130,0.0119532
as-22july06,0.0128532
as-735,0.0123884
as-Skitter,0.268903
as-caida,0.0132106
ash292,0.0118835
asia_osm,0.434894
astro-ph,0.0180296
atmosmodd,0.109055
atmosmodj,0.108943
atmosmodl,0.125789
atmosmodm,0.125995
audikw_1,0.785037
aug2d,0.0112589
aug2dc,0.0115466
aug3d,0.0118907
aug3dcqp,0.0119112
auto,0.0921324
av41092,0.0258007
az2010,0.0256041
b2_ss,0.0109711
b_dyn,0.0108493
barrier2-1,0.0554691
barrier2-10,0.0562565
barrier2-11,0.0562596
barrier2-12,0.0562422
barrier2-2,0.0558572
barrier2-3,0.0555366
barrier2-4,0.0557425
barrier2-9,0.0565535
barth,0.0122255
barth4,0.0121088
barth5,0.0123904
bauru5727,0.0122962
bayer01,0.0123566
bayer02,0.0117606
bayer03,0.0128809
bayer04,0.0130591
bayer05,0.0126495
bayer06,0.013311
bayer07,0.0128195
bayer08,0.0132239
bayer09,0.0117842
bayer10,0.0125665
bbmat,0.0232704
bcircuit,0.0130171
bcspwr04,0.0113326
bcspwr05,0.0106199
bcspwr06,0.0111739
bcspwr07,0.0109128
bcspwr08,0.011266
bcspwr09,0.0114391
bcspwr10,0.0110838
bcsstk02,0.0175053
bcsstk04,0.0155894
bcsstk05,0.0131533
bcsstk06,0.0146442
bcsstk07,0.0146299
bcsstk08,0.0137114
bcsstk09,0.0149535
bcsstk10,0.0151081
bcsstk11,0.0164045
bcsstk12,0.0162847
bcsstk13,0.0209019
bcsstk14,0.0194007
bcsstk15,0.0196157
bcsstk16,0.02001
bcsstk17,0.0208302
bcsstk18,0.014548
bcsstk19,0.0122337
bcsstk20,0.0111411
bcsstk21,0.0121446
bcsstk23,0.0145439
bcsstk24,0.0199485
bcsstk25,0.0153477
bcsstk26,0.0144671
bcsstk27,0.0181801
bcsstk28,0.0206234
bcsstk29,0.0208435
bcsstk30,0.025386
bcsstk31,0.0222423
bcsstk32,0.0287959
bcsstk33,0.0206664
bcsstk34,0.0178678
bcsstk35,0.0212234
bcsstk36,0.021588
bcsstk37,0.0214129
bcsstk38,0.0213514
bcsstk39,0.0308623
bcsstm07,0.0143995
bcsstm08,0.0107674
bcsstm09,0.010583
bcsstm10,0.0155228
bcsstm11,0.0107141
bcsstm12,0.0138947
bcsstm13,0.0136335
bcsstm21,0.0110305
bcsstm23,0.0110582
bcsstm24,0.0110909
bcsstm25,0.0109681
bcsstm26,0.0107469
bcsstm27,0.0182804
bcsstm34,0.0182456
bcsstm35,0.0120883
bcsstm36,0.0155187
bcsstm37,0.0117944
bcsstm38,0.0118682
bcsstm39,0.0116675
belgium_osm,0.0591145
benzene,0.0209121
bfly,0.0121866
bfwa398,0.0122767
bfwa782,0.0122173
bfwb398,0.0113377
bfwb782,0.0118108
bibd_81_2,0.0108104
big,0.0125399
big_dual,0.0116726
biplane-9,0.0116951
bips07_1693,0.0117586
bips07_1998,0.0117453
bips07_2476,0.0113254
bips07_3078,0.0115661
bips98_1142,0.0113111
bips98_1450,0.0115374
bips98_606,0.0113838
blckhole,0.012073
blockqp1,0.0178749
bloweya,0.0142039
bloweybl,0.0137298
bloweybq,0.0132342
bmw3_2,0.128361
bmw7st_1,0.0919931
bmwcra_1,0.125737
bodyy4,0.0124518
bodyy5,0.0122296
bodyy6,0.0127386
bone010,0.68135
boneS01,0.08397
boneS10,0.530646
boyd1,0.0227994
boyd2,0.0244634
bp_0,0.0111852
bp_1000,0.0117361
bp_1200,0.0117309
bp_1400,0.0111278
bp_1600,0.0118876
bp_200,0.0109937
bp_400,0.0109629
bp_600,0.0113797
bp_800,0.0114452
brack2,0.0156037
brainpc2,0.01442
bratu3d,0.012674
breasttissue_10NN,0.0127447
bundle1,0.0234465
bundle_adj,0.203847
bwm2000,0.0107151
c-18,0.0125153
c-19,0.0132024
c-20,0.0126392
c-21,0.0129823
c-22,0.0135721
c-23,0.0125297
c-24,0.0127058
c-25,0.0148593
c-26,0.0130652
c-27,0.0120965
c-28,0.0126013
c-29,0.0127887
c-30,0.013865
c-31,0.0151665
c-32,0.0131041
c-33,0.0131062
c-34,0.0135608
c-35,0.0132925
c-36,0.0127273
c-37,0.0140626
c-38,0.0134042
c-39,0.0154747
c-40,0.0130294
c-41,0.0135393
c-42,0.0139305
c-43,0.0143575
c-44,0.0138127
c-45,0.0152566
c-46,0.0134328
c-47,0.015188
c-48,0.0143585
c-49,0.0125747
c-50,0.0136571
c-51,0.0138711
c-52,0.0148849
c-53,0.0153129
c-54,0.0150303
c-55,0.0171295
c-56,0.0146504
c-57,0.0154726
c-58,0.0171059
c-59,0.0157348
c-60,0.0128983
c-61,0.0143432
c-62,0.0160154
c-62ghs,0.0159631
c-63,0.015657
c-64,0.0174551
c-64b,0.0172278
c-65,0.0149791
c-66,0.0148163
c-66b,0.0148316
c-67,0.0150139
c-67b,0.0149412
c-68,0.0168847
c-69,0.0159672
c-70,0.015958
c-71,0.017493
c-72,0.0166451
c-73,0.0211261
c-73b,0.0207002
c-big,0.0377815
ca-AstroPh,0.0203561
ca-CondMat,0.0146903
ca-GrQc,0.0120166
ca-HepPh,0.0195205
ca-HepTh,0.0125972
ca2010,0.0578888
cage,0.0146145
cage10,0.015362
cage11,0.0160338
cage12,0.0244419
cage13,0.0903117
cage14,0.308145
cage15,1.10156
cage7,0.0122634
cage8,0.0127427
cage9,0.0139336
caidaRouterLevel,0.027179
can_1054,0.0137452
can_1072,0.0135332
can_144,0.0120699
can_161,0.01169
can_187,0.01165
can_229,0.011348
can_256,0.0130611
can_268,0.0121364
can_292,0.0122532
can_445,0.0124355
can_634,0.0133857
can_715,0.0123474
can_838,0.0128184
cant,0.0506225
case39,0.021718
case9,0.0140708
cavity01,0.0164147
cavity02,0.0167158
cavity03,0.0161024
cavity04,0.0166666
cavity05,0.0170793
cavity06,0.0183419
cavity07,0.0176169
cavity08,0.0181975
cavity09,0.0171848
cavity10,0.018434
cavity11,0.0187689
cavity12,0.0187218
cavity13,0.0186337
cavity14,0.0186429
cavity15,0.0190525
cavity16,0.0192297
cavity17,0.0199168
cavity18,0.0190638
cavity19,0.0198277
cavity20,0.0192553
cavity21,0.0198236
cavity22,0.0191785
cavity23,0.0196997
cavity24,0.0189481
cavity25,0.0194918
cavity26,0.0192717
cbuckle,0.0221041
cca,0.0125471
ccc,0.0119357
cdde1,0.0110039
cdde2,0.010924
cdde3,0.0107172
cdde4,0.0109015
cdde5,0.010711
cdde6,0.0109128
cegb2802,0.0204421
cegb2919,0.0207227
cegb3024,0.0182292
cegb3306,0.0168991
celegans_metabolic,0.0124242
celegansneural,0.0122245
cell1,0.010965
cell2,0.0109947
cfd1,0.0225997
cfd2,0.0471962
ch5-5-b3,0.0109117
ch7-8-b5,0.014805
channel-500x100x100-b050,0.880525
chem_master1,0.0122542
chipcool0,0.0159099
chipcool1,0.0157932
circuit204,0.0112292
circuit5M,0.681511
circuit5M_dc,0.263135
circuit_1,0.0147374
circuit_2,0.0118262
circuit_3,0.0116296
circuit_4,0.0135782
cit-HepPh,0.017623
cit-HepTh,0.0172268
cit-Patents,0.343276
citationCiteseer,0.0492165
ck400,0.0113848
ck656,0.0111165
ckt11752_dc_1,0.0131594
ckt11752_tr_0,0.0132782
cnae9_10NN,0.0151828
cnr-2000,0.0524902
co2010,0.0209551
coAuthorsCiteseer,0.026199
coAuthorsDBLP,0.0329257
coPapersCiteseer,0.352288
coPapersDBLP,0.337703
coater1,0.0143462
coater2,0.0180029
collins_15NN,0.0139899
com-Amazon,0.0374866
com-DBLP,0.0407429
com-LiveJournal,1.16208
com-Orkut,3.53772
com-Youtube,0.0912159
commanche_dual,0.0109117
comsol,0.0207329
cond-mat-2003,0.0150354
cond-mat-2005,0.0156017
cond-mat,0.0133888
conf5_0-4x4-10,OOM
conf5_0-4x4-14,OOM
conf5_0-4x4-18,OOM
conf5_0-4x4-22,OOM
conf5_0-4x4-26,OOM
conf5_4-8x8-05,OOM
conf5_4-8x8-10,OOM
conf5_4-8x8-15,OOM
conf5_4-8x8-20,OOM
conf6_0-4x4-20,OOM
conf6_0-4x4-30,OOM
conf6_0-8x8-20,OOM
conf6_0-8x8-30,OOM
conf6_0-8x8-80,OOM
consph,0.0805018
cont-201,0.0128307
cont-300,0.0153508
cop20k_A,0.0378972
copter1,0.0147149
copter2,0.0162806
coupled,0.0134881
crack,0.0119675
crack_dual,0.011563
crankseg_1,0.125289
crankseg_2,0.160682
crashbasis,0.0230031
crplat2,0.0205046
cryg10000,0.0112364
cryg2500,0.0105687
crystk01,0.0200038
crystk02,0.0212623
crystk03,0.0217457
crystm01,0.0167967
crystm02,0.0175841
crystm03,0.0177889
cs4,0.0120054
ct2010,0.0142203
ct20stif,0.0439419
cti,0.0121211
cvxbqp1,0.0135117
cvxqp3,0.0130488
cyl6,0.0217631
cz10228,0.013226
cz1268,0.0128389
cz148,0.0121149
cz20468,0.0139028
cz2548,0.0129178
cz308,0.0121426
cz40948,0.0142715
cz5108,0.0129915
cz628,0.0125573
d_pretok,0.0188795
darcy003,0.0330138
data,0.0129126
dataset12mfeatfactors_10NN,0.0147384
dataset16mfeatkarhunen_10NN,0.0145265
dataset18mfeatmorphological_10NN,0.0139479
dataset20mfeatpixel_10NN,0.0145879
dataset22mfeatzernike_10NN,0.0143964
dawson5,0.0183706
dblp-2010,0.0227727
dc1,0.0193024
dc2,0.0189194
dc3,0.0190147
de2010,0.0127181
debr,0.0681503
delaunay_n10,0.0113766
delaunay_n11,0.0117883
delaunay_n12,0.0119962
delaunay_n13,0.0116029
delaunay_n14,0.0121252
delaunay_n15,0.0120801
delaunay_n16,0.013057
delaunay_n17,0.0144312
delaunay_n18,0.0205722
delaunay_n19,0.0467036
delaunay_n20,0.0884972
delaunay_n21,0.175101
delaunay_n22,0.352482
delaunay_n23,0.707404
delaunay_n24,1.41798
dendrimer,0.0212777
denormal,0.0160471
dermatology_5NN,0.0114452
descriptor_xingo6u,0.0119296
dgreen,0.461543
diag,0.0107878
dictionary28,0.0133448
dielFilterV2clx,OOM
dielFilterV2real,0.521743
dielFilterV3clx,OOM
dielFilterV3real,0.932054
dixmaanl,0.0122583
dtoc,0.011775
dw1024,0.0109476
dw2048,0.0109578
dw256A,0.0111176
dw256B,0.0110408
dw4096,0.0119777
dw8192,0.0118856
dwa512,0.0108206
dwb512,0.0109875
dwg961a,OOM
dwg961b,OOM
dwt_1005,0.0123607
dwt_1007,0.0118651
dwt_1242,0.0123013
dwt_162,0.0119685
dwt_193,0.0140646
dwt_198,0.0118149
dwt_209,0.011777
dwt_221,0.0112343
dwt_245,0.0110121
dwt_2680,0.013056
dwt_307,0.0120443
dwt_310,0.0118159
dwt_346,0.0116756
dwt_361,0.011392
dwt_419,0.0124436
dwt_492,0.0111698
dwt_503,0.0130458
dwt_512,0.0113654
dwt_592,0.0123761
dwt_607,0.0117105
dwt_758,0.0121498
dwt_869,0.0122112
dwt_878,0.0122614
dwt_918,0.0122132
dwt_992,0.0144599
dynamicSoaringProblem_1,0.0124795
dynamicSoaringProblem_2,0.0132424
dynamicSoaringProblem_3,0.0139356
dynamicSoaringProblem_4,0.0137984
dynamicSoaringProblem_5,0.0137882
dynamicSoaringProblem_6,0.0134799
dynamicSoaringProblem_7,0.0131584
dynamicSoaringProblem_8,0.0134267
e40r0100,0.0229827
ecl32,0.0140544
ecology1,0.0700058
ecology2,0.0700549
email-Enron,0.0149852
email-Eu-core-temporal,0.0186419
email-Eu-core,0.0207739
email-EuAll,0.0176466
email,0.0136643
engine,0.0870758
enron,0.0134851
epb0,0.011094
epb1,0.0126177
epb2,0.0127017
epb3,0.0129792
eris1176,0.0152515
eu-2005,0.221422
europe_osm,2.01053
eurqsa,0.012244
ex1,0.015232
ex10,0.0162099
ex10hs,0.0164547
ex11,0.021122
ex12,0.0162335
ex13,0.01839
ex14,0.0164495
ex15,0.0146135
ex18,0.0138516
ex19,0.0168561
ex2,0.0181535
ex20,0.0192952
ex21,0.0177203
ex22,0.0168376
ex23,0.018603
ex24,0.0164792
ex25,0.0177132
ex26,0.0214702
ex27,0.0193741
ex28,0.0182886
ex29,0.0124252
ex3,0.0179292
ex31,0.0185436
ex32,0.0121477
ex33,0.0134134
ex35,0.0139059
ex36,0.0154563
ex37,0.0163482
ex3sta1,0.0224799
ex4,0.0159826
ex40,0.0205486
ex6,0.0181074
ex7,0.0190833
ex8,0.0193096
ex9,0.0182313
exdata_1,0.0202322
extr1,0.0112783
extr1b,0.0112445
fcondp2,0.119446
fd12,0.0113265
fd15,0.0115384
fd18,0.0119224
fe_4elt2,0.0117862
fe_body,0.0143524
fe_ocean,0.0151583
fe_rotor,0.0193004
fe_sphere,0.0123423
fe_tooth,0.0157542
fem_filter,OOM
fem_hifreq_circuit,OOM
filter2D,0.0118467
filter3D,0.0423035
finan512,0.013908
finance256,0.0130959
fl2010,0.0427295
flickr,0.143152
flowmeter0,0.0122399
flowmeter5,0.0121262
foldoc,0.0138844
football,0.0118477
ford1,0.012289
ford2,0.0133765
fp,0.0247654
fpga_dcop_01,0.0109117
fpga_dcop_02,0.0114084
fpga_dcop_03,0.0111319
fpga_dcop_04,0.011348
fpga_dcop_05,0.0112742
fpga_dcop_06,0.0110623
fpga_dcop_07,0.0110633
fpga_dcop_08,0.0111882
fpga_dcop_09,0.011007
fpga_dcop_10,0.0108544
fpga_dcop_11,0.0112466
fpga_dcop_12,0.0111862
fpga_dcop_13,0.0109486
fpga_dcop_14,0.0110049
fpga_dcop_15,0.0111411
fpga_dcop_16,0.011135
fpga_dcop_17,0.0112681
fpga_dcop_18,0.0113029
fpga_dcop_19,0.0112998
fpga_dcop_20,0.0111391
fpga_dcop_21,0.0109414
fpga_dcop_22,0.0109015
fpga_dcop_23,0.0110019
fpga_dcop_24,0.011351
fpga_dcop_25,0.0110674
fpga_dcop_26,0.0112978
fpga_dcop_27,0.0112435
fpga_dcop_28,0.0111002
fpga_dcop_29,0.0110029
fpga_dcop_30,0.0109732
fpga_dcop_31,0.0112558
fpga_dcop_32,0.01139
fpga_dcop_33,0.0109752
fpga_dcop_34,0.0113091
fpga_dcop_35,0.0112691
fpga_dcop_36,0.0112323
fpga_dcop_37,0.0110244
fpga_dcop_38,0.011009
fpga_dcop_39,0.011262
fpga_dcop_40,0.0109906
fpga_dcop_41,0.0109445
fpga_dcop_42,0.0113859
fpga_dcop_43,0.0109988
fpga_dcop_44,0.0112794
fpga_dcop_45,0.0109332
fpga_dcop_46,0.0109681
fpga_dcop_47,0.0109957
fpga_dcop_48,0.0112681
fpga_dcop_49,0.0111391
fpga_dcop_50,0.0112179
fpga_dcop_51,0.0109425
fpga_trans_01,0.0117811
fpga_trans_02,0.0119962
freeFlyingRobot_1,0.0115098
freeFlyingRobot_10,0.0128543
freeFlyingRobot_11,0.0125256
freeFlyingRobot_12,0.0123372
freeFlyingRobot_13,0.0128174
freeFlyingRobot_14,0.0128072
freeFlyingRobot_15,0.0129096
freeFlyingRobot_16,0.0129772
freeFlyingRobot_2,0.0125112
freeFlyingRobot_3,0.0125839
freeFlyingRobot_4,0.0125491
freeFlyingRobot_5,0.0131369
freeFlyingRobot_6,0.0126382
freeFlyingRobot_7,0.0125379
freeFlyingRobot_8,0.0123699
freeFlyingRobot_9,0.0129382
fs_183_3,0.0111954
fs_183_4,0.0111237
fs_183_6,0.0116654
fs_541_1,0.0116828
fs_541_2,0.0117596
fs_541_3,0.0119245
fs_541_4,0.0117432
fs_680_1,0.01105
fs_680_2,0.0110008
fs_680_3,0.0104438
fs_760_1,0.0118487
fs_760_2,0.011861
fs_760_3,0.0118497
fullb,0.128709
fv1,0.0129833
fv2,0.0122593
fv3,0.0126126
fxm3_6,0.0173015
fxm4_6,0.021248
g3rmt3m3,0.0195461
g7jac010,0.0115712
g7jac010sc,0.0116562
g7jac020,0.0130847
g7jac020sc,0.0131799
g7jac040,0.0137738
g7jac040sc,0.0141455
g7jac050sc,0.0150241
g7jac060,0.0153631
g7jac060sc,0.0156723
g7jac080,0.016126
g7jac080sc,0.0158863
g7jac100,0.0162621
g7jac100sc,0.016126
g7jac120,0.0170476
g7jac120sc,0.0173752
g7jac140,0.0171479
g7jac140sc,0.0170998
g7jac160,0.0171295
g7jac160sc,0.0171203
g7jac180,0.0170988
g7jac180sc,0.0175237
g7jac200,0.0187361
g7jac200sc,0.0188344
ga2010,0.0241203
garon1,0.0203039
garon2,0.021161
gas_sensor,0.022444
gearbox,0.108482
gemat11,0.0125911
gemat12,0.0124979
geom,0.0122173
germany_osm,0.483891
goddardRocketProblem_1,0.0125604
goddardRocketProblem_2,0.0129147
goodwin,0.0202691
gr_30_30,0.0123689
graham1,0.0217969
gre_1107,0.0111176
gre_343,0.0106578
gre_512,0.0107305
great-britain_osm,0.304053
grid2,0.0108575
grid2_dual,0.0111565
gridgena,0.014036
gsm_106857,0.252513
gupta1,0.0367258
gupta2,0.0582113
gupta3,0.0923863
gyro,0.0232858
gyro_k,0.0230431
gyro_m,0.0176128
halfb,0.1313
hangGlider_1,0.012631
hangGlider_2,0.0122194
hangGlider_3,0.0139622
hangGlider_4,0.0146452
hangGlider_5,0.0144855
har_10NN,0.0158577
hcircuit,0.0131267
heart1,0.0185948
heart2,0.0142592
heart3,0.013995
helm2d03,0.0441446
helm3d01,0.0161188
hep-th,0.0125143
hi2010,0.0124088
higgs-twitter,0.198343
hollywood-2009,1.21423
hood,0.127522
hor_131,0.0123095
hugebubbles-00000,1.04646
hugebubbles-00010,1.75538
hugebubbles-00020,1.85783
hugetrace-00000,0.248778
hugetrace-00010,0.715039
hugetrace-00020,1.04005
hugetric-00000,0.313556
hugetric-00010,0.445963
hugetric-00020,0.490928
human_gene1,0.208712
human_gene2,0.155358
hvdc1,0.0130294
hvdc2,0.0171284
hydr1,0.0113469
hydr1c,0.0114125
iChem_Jacobian,OOM
ia2010,0.0194929
ibm_matrix_2,0.0199967
id2010,0.0181156
ifiss_mat,0.0536996
igbt3,0.0185252
il2010,0.0392643
imagesensor,0.0206019
impcol_d,0.0109107
impcol_e,0.0113756
in-2004,0.192268
in2010,0.0231578
indianpines_10NN,0.0150139
indochina-2004,1.85125
init_adder1,0.0117535
inlet,0.0188068
inline_1,0.391013
ins2,0.0447119
internet,0.0137339
invextr1_new,0.024194
iprob,0.011989
iris_dataset_30NN,0.0183644
it-2004,11.3353
italy_osm,0.245844
jagmesh1,0.0122153
jagmesh2,0.011606
jagmesh3,0.0117842
jagmesh4,0.0118733
jagmesh5,0.011689
jagmesh6,0.0113613
jagmesh7,0.0118211
jagmesh8,0.0114862
jagmesh9,0.0118559
jan99jac020,0.0120893
jan99jac020sc,0.011817
jan99jac040,0.0125471
jan99jac040sc,0.0126597
jan99jac060,0.0130109
jan99jac060sc,0.013057
jan99jac080,0.0129905
jan99jac080sc,0.0128051
jan99jac100,0.0126771
jan99jac100sc,0.0126935
jan99jac120,0.01314
jan99jac120sc,0.0128328
jazz,0.016727
jnlbrng1,0.011778
jpwh_991,0.0115835
juba40k,0.0123269
k1_san,0.0142377
k3plates,0.0196721
k49_norm_10NN,0.0192635
kim1,OOM
kim2,OOM
kineticBatchReactor_1,0.0128532
kineticBatchReactor_2,0.0134861
kineticBatchReactor_3,0.013868
kineticBatchReactor_4,0.0137933
kineticBatchReactor_5,0.013525
kineticBatchReactor_6,0.0139807
kineticBatchReactor_7,0.0138004
kineticBatchReactor_8,0.0142889
kineticBatchReactor_9,0.0138588
kkt_power,0.193277
kmer_A2a,13.7576
kmer_P1a,11.1337
kmer_U1a,5.38923
kmer_V1r,12.7007
kmer_V2a,4.30948
kmnist_norm_10NN,0.0166922
kron_g500-logn16,0.101232
kron_g500-logn17,0.16185
kron_g500-logn18,0.285437
kron_g500-logn19,0.54102
kron_g500-logn20,1.1041
kron_g500-logn21,2.48899
ks2010,0.0213627
ky2010,0.0170301
la2010,0.0200704
laminar_duct3D,0.0546202
language,0.0234865
largebasis,0.0679147
laser,0.0106373
ldoor,0.471904
lhr01,0.0137902
lhr02,0.014849
lhr04,0.0177439
lhr04c,0.0175002
lhr07,0.0184136
lhr07c,0.0184986
lhr10,0.0188436
lhr10c,0.0185764
lhr11,0.0182907
lhr11c,0.018218
lhr14,0.0184381
lhr14c,0.0188723
lhr17,0.0192389
lhr17c,0.0194202
lhr34,0.019583
lhr34c,0.019582
lhr71,0.0208753
lhr71c,0.0209715
li,0.0221307
light_in_tissue,OOM
linverse,0.0124447
ljournal-2008,1.35637
lns_3937,0.0119941
lns_511,0.0109343
lnsp3937,0.012158
lnsp_511,0.0114596
loc-Brightkite,0.0152402
loc-Gowalla,0.0352451
lock1074,0.0192205
lock2232,0.0190996
lock3491,0.020823
lock_700,0.0193157
lowThrust_1,0.0128829
lowThrust_10,0.0149105
lowThrust_11,0.0152955
lowThrust_12,0.0148982
lowThrust_13,0.0148091
lowThrust_2,0.013482
lowThrust_3,0.014208
lowThrust_4,0.0146033
lowThrust_5,0.0151716
lowThrust_6,0.0155085
lowThrust_7,0.0150804
lowThrust_8,0.0147968
lowThrust_9,0.0149965
lp1,0.0281395
lpl1,0.0146708
lshp1009,0.0115333
lshp1270,0.0114964
lshp1561,0.0114248
lshp1882,0.0120515
lshp2233,0.011989
lshp2614,0.0118354
lshp3025,0.0120084
lshp3466,0.0120607
lshp_265,0.0112722
lshp_406,0.0113818
lshp_577,0.0111237
lshp_778,0.0112271
lund_a,0.0136776
lund_b,0.0135045
lung1,0.0107919
lung2,0.0129669
luxembourg_osm,0.0122808
m133-b3,0.015874
m14b,0.0605901
m3plates,0.0114934
m_t1,0.112116
ma2010,0.019584
mac_econ_fwd500,0.0170496
mahindas,0.0115476
majorbasis,0.0231844
man_5976,0.0204585
marine1,0.0817971
mario001,0.0126761
mario002,0.0327537
mark3jac020,0.0126269
mark3jac020sc,0.0125676
mark3jac040,0.012971
mark3jac040sc,0.0126945
mark3jac060,0.0130734
mark3jac060sc,0.0127724
mark3jac080,0.0132803
mark3jac080sc,0.012713
mark3jac100,0.0133786
mark3jac100sc,0.0131502
mark3jac120,0.0132823
mark3jac120sc,0.0136438
mark3jac140,0.0133949
mark3jac140sc,0.0133704
matrix-new_3,0.0415191
matrix_9,0.0329339
mbeacxc,0.0205466
mbeaflw,0.0201708
mbeause,0.0201073
mc2depi,0.0367473
mcca,0.0134482
mcfe,0.0187894
md2010,0.018473
me2010,0.0140431
meg1,0.0183992
meg4,0.012841
memchip,0.204082
memplus,0.0129321
mesh2e1,0.0110193
mesh2em5,0.0113551
mesh3e1,0.0112005
mesh3em5,0.0107796
mhd1280a,OOM
mhd1280b,OOM
mhd3200a,0.016214
mhd3200b,0.011605
mhd4800a,0.0159171
mhd4800b,0.0112333
mhda416,0.0152136
mhdb416,0.0108636
mi2010,0.0261315
mice_10NN,0.0137226
micromass_10NN,0.0145787
mimo28x28_system,0.0116582
mimo46x46_system,0.0118385
mimo8x8_system,0.0116091
minnesota,0.0108575
minsurfo,0.0116255
mip1,0.121288
mixtank_new,0.0297267
mn2010,0.0230369
mnist_test_norm_10NN,0.0158228
mo2010,0.0276982
mono_500Hz,OOM
mosfet2,0.0238961
mouse_gene,0.249422
mplate,OOM
ms2010,0.0182794
msc00726,0.0196219
msc01050,0.0185098
msc01440,0.019839
msc04515,0.0162222
msc10848,0.0236093
msc23052,0.0227645
msdoor,0.216598
mt2010,0.0166656
mult_dcop_01,0.015873
mult_dcop_02,0.0155156
mult_dcop_03,0.0153866
mycielskian10,0.0220058
mycielskian11,0.0241254
mycielskian12,0.0247245
mycielskian13,0.0273388
mycielskian14,0.0432681
mycielskian15,0.103697
mycielskian16,0.279346
mycielskian17,0.805628
mycielskian18,2.37976
mycielskian19,7.10829
mycielskian7,0.0132004
mycielskian8,0.0156017
mycielskian9,0.0195523
n3c6-b7,0.0128154
nasa1824,0.0159519
nasa2146,0.0182047
nasa2910,0.0210176
nasa4704,0.016809
nasasrb,0.0396718
nc2010,0.0249876
ncvxbqp1,0.013951
ncvxqp1,0.0121498
ncvxqp3,0.0140913
ncvxqp5,0.0137585
ncvxqp7,0.0147866
ncvxqp9,0.0115722
nd12k,0.129182
nd2010,0.0156293
nd24k,0.246946
nd3k,0.040832
nd6k,0.0713288
ne2010,0.0190362
nemeth01,0.0200161
nemeth02,0.0191662
nemeth03,0.0188774
nemeth04,0.0190044
nemeth05,0.0193106
nemeth06,0.0190147
nemeth07,0.0188764
nemeth08,0.0194294
nemeth09,0.0192707
nemeth10,0.0192236
nemeth11,0.0194335
nemeth12,0.019201
nemeth13,0.0188211
nemeth14,0.0197161
nemeth15,0.0197315
nemeth16,0.019455
nemeth17,0.0201308
nemeth18,0.0196946
nemeth19,0.0201718
nemeth20,0.0204605
nemeth21,0.0204022
nemeth22,0.020651
nemeth23,0.021418
nemeth24,0.0213996
nemeth25,0.0212101
nemeth26,0.0215603
net100,0.0314153
net125,0.0455731
net150,0.051113
net25,0.0228751
net4-1,0.0392745
net50,0.0240937
net75,0.02543
netherlands_osm,0.091263
netscience,0.0118794
netz4504,0.0109967
netz4504_dual,0.0105912
nh2010,0.0130447
nj2010,0.0192297
nlpkkt120,1.00065
nlpkkt160,2.35328
nlpkkt200,4.58471
nlpkkt240,7.92335
nlpkkt80,0.311804
nm2010,0.0198932
nmos3,0.0188488
nnc1374,0.0114104
nnc261,0.0112118
nnc666,0.0119388
nopoly,0.0127017
nopss_11k,0.0116009
nos1,0.0105339
nos2,0.0105134
nos3,0.014037
nos5,0.0128389
nos6,0.0104776
nos7,0.0117125
ns3Da,0.0286116
nv1,0.0432128
nv2,0.668845
nv2010,0.0148613
nxp1,0.0411351
ny2010,0.0300288
obstclae,0.0117965
odepa400,0.0106414
offshore,0.0610335
oh2010,0.0298097
ohne2,0.137684
oilpan,0.0484024
ok2010,0.024448
olafu,0.0208824
olesnik0,0.014592
olm1000,0.0106947
olm2000,0.0108493
olm500,0.0107254
olm5000,0.0112896
onera_dual,0.0128317
onetone1,0.0148705
onetone2,0.012886
opt1,0.0257485
optdigits_10NN,0.0157635
or2010,0.0212797
orani678,0.0228076
orbitRaising_1,0.0110991
orbitRaising_2,0.0121999
orbitRaising_3,0.0121303
orbitRaising_4,0.0124744
orsirr_1,0.011646
orsirr_2,0.0117688
orsreg_1,0.0114545
oscil_dcop_01,0.0105431
oscil_dcop_02,0.0104438
oscil_dcop_03,0.010326
oscil_dcop_04,0.0106568
oscil_dcop_05,0.010582
oscil_dcop_06,0.0103322
oscil_dcop_07,0.0103301
oscil_dcop_08,0.0107233
oscil_dcop_09,0.0106127
oscil_dcop_10,0.0102011
oscil_dcop_11,0.0106199
oscil_dcop_12,0.0106281
oscil_dcop_13,0.0103035
oscil_dcop_14,0.0103281
oscil_dcop_15,0.0105574
oscil_dcop_16,0.010795
oscil_dcop_17,0.0106568
oscil_dcop_18,0.0105236
oscil_dcop_19,0.0102871
oscil_dcop_20,0.0106854
oscil_dcop_21,0.0105626
oscil_dcop_22,0.0106035
oscil_dcop_23,0.0107284
oscil_dcop_24,0.010537
oscil_dcop_25,0.0105421
oscil_dcop_26,0.0106353
oscil_dcop_27,0.0105933
oscil_dcop_28,0.0103188
oscil_dcop_29,0.0104786
oscil_dcop_30,0.0105431
oscil_dcop_31,0.010665
oscil_dcop_32,0.0102892
oscil_dcop_33,0.0105482
oscil_dcop_34,0.010667
oscil_dcop_35,0.0106885
oscil_dcop_36,0.0104428
oscil_dcop_37,0.0105984
oscil_dcop_38,0.010324
oscil_dcop_39,0.0106189
oscil_dcop_40,0.0105789
oscil_dcop_41,0.0102973
oscil_dcop_42,0.0102072
oscil_dcop_43,0.0105523
oscil_dcop_44,0.010752
oscil_dcop_45,0.0105892
oscil_dcop_46,0.0103291
oscil_dcop_47,0.0106824
oscil_dcop_48,0.0107571
oscil_dcop_49,0.0105503
oscil_dcop_50,0.0105533
oscil_dcop_51,0.0107069
oscil_dcop_52,0.010327
oscil_dcop_53,0.010197
oscil_dcop_54,0.0102932
oscil_dcop_55,0.0102052
oscil_dcop_56,0.0104468
oscil_dcop_57,0.0107971
oscil_trans_01,0.0105626
p2p-Gnutella04,0.0120207
p2p-Gnutella05,0.0121764
p2p-Gnutella06,0.0118323
p2p-Gnutella08,0.0119214
p2p-Gnutella09,0.0121692
p2p-Gnutella24,0.0126515
p2p-Gnutella25,0.0126822
p2p-Gnutella30,0.0125123
p2p-Gnutella31,0.0131727
pa2010,0.0373576
packing-500x100x100-b050,0.362064
para-10,0.0939735
para-4,0.092287
para-5,0.0938834
para-6,0.0937042
para-7,0.0939346
para-8,0.0939233
para-9,0.0938957
parabolic_fem,0.0517171
patents,0.314409
patents_main,0.0202629
pattern1,0.0905841
pcrystk02,0.0206438
pcrystk03,0.0213852
pct20stif,0.0429169
pdb1HYS,0.0553083
pde225,0.0107049
pde2961,0.0106394
pde900,0.0107848
pds10,0.0142152
pesa,0.0123658
pf2177,0.023977
pfinan512,0.0143002
piston,0.0193403
pkustk01,0.0230738
pkustk02,0.020863
pkustk03,0.0465818
pkustk04,0.058709
pkustk05,0.0346819
pkustk06,0.0415836
pkustk07,0.0387502
pkustk08,0.0520622
pkustk09,0.0215337
pkustk10,0.0559073
pkustk11,0.0761897
pkustk12,0.0962089
pkustk13,0.091052
pkustk14,0.166683
plantsmargin_12NN,0.0154194
plantstexture_10NN,0.0141865
plat1919,0.0154962
plat362,0.013696
plbuckle,0.017026
pli,0.0225638
plsk1919,0.0107448
plskz362,0.0110572
poisson2D,0.0116623
poisson3Da,0.0209797
poisson3Db,0.0427899
polblogs,0.0156416
poli,0.0114278
poli3,0.0116675
poli4,0.0126351
poli_large,0.0111053
pores_2,0.0119992
pores_3,0.0116429
power,0.0112333
power197k,0.0636375
power9,0.0345702
powersim,0.011946
pre2,0.0808264
preferentialAttachment,0.0236605
problem1,0.0114217
psmigr_1,0.023809
psmigr_2,0.0238684
psmigr_3,0.0237322
pwt,0.0136305
pwtk,0.123209
qa8fk,0.0202598
qa8fm,0.0202312
qc2534,OOM
qc324,OOM
qh1484,0.0107971
qh768,0.0111534
qh882,0.0107428
qpband,0.0109189
radfr1,0.0132106
radiation,0.106658
raefsky1,0.0210575
raefsky2,0.0207944
raefsky3,0.0209746
raefsky4,0.0216658
raefsky5,0.0187095
raefsky6,0.0211763
rail_1357,0.0120074
rail_20209,0.0127201
rail_5177,0.0121242
rail_79841,0.0137349
rajat01,0.0120197
rajat02,0.0112968
rajat03,0.0115139
rajat04,0.0129782
rajat05,0.0108841
rajat06,0.0116009
rajat07,0.0117627
rajat08,0.0119992
rajat09,0.0116972
rajat10,0.0118661
rajat12,0.0120156
rajat13,0.012886
rajat14,0.0120914
rajat15,0.0150467
rajat16,0.0151337
rajat17,0.01506
rajat18,0.0176937
rajat19,0.0111995
rajat20,0.0171704
rajat21,0.0312658
rajat22,0.0126392
rajat23,0.0139028
rajat24,0.0306852
rajat25,0.0171643
rajat26,0.012674
rajat27,0.0115364
rajat28,0.0168991
rajat29,0.0674314
rajat30,0.0851548
rajat31,0.272624
ramage02,0.0458486
rbsa480,0.0189501
rbsb480,0.0186522
rdb1250,0.011052
rdb1250l,0.0114371
rdb200,0.011007
rdb200l,0.0110766
rdb2048,0.0117115
rdb2048_noL,0.0113521
rdb3200l,0.0114616
rdb450,0.0112056
rdb450l,0.0112108
rdb5000,0.0117012
rdb800l,0.0112108
rdb968,0.0109947
rdist1,0.0182231
rdist2,0.0151675
rdist3a,0.0178995
reorientation_1,0.0125788
reorientation_2,0.0136417
reorientation_3,0.0143053
reorientation_4,0.0146811
reorientation_5,0.0144497
reorientation_6,0.0141036
reorientation_7,0.014292
reorientation_8,0.0143596
rgg_n_2_15_s0,0.0141517
rgg_n_2_16_s0,0.0149914
rgg_n_2_17_s0,0.0175176
rgg_n_2_18_s0,0.0469094
rgg_n_2_19_s0,0.0892733
rgg_n_2_20_s0,0.166708
rgg_n_2_21_s0,0.333688
rgg_n_2_22_s0,0.683483
rgg_n_2_23_s0,1.42864
rgg_n_2_24_s0,3.03376
ri2010,0.0122737
rim,0.0216545
rma10,0.0354703
roadNet-CA,0.0916419
roadNet-PA,0.0561162
roadNet-TX,0.068225
road_central,0.782477
road_usa,1.11433
rotor2,0.0132588
rw496,0.0106189
rw5151,0.0113633
s1rmq4m1,0.019799
s1rmt3m1,0.0194068
s2rmq4m1,0.0197734
s2rmt3m1,0.0195748
s3dkq4m2,0.0715162
s3dkt3m2,0.0490097
s3rmq4m1,0.0197048
s3rmt3m1,0.0194191
s3rmt3m3,0.0192399
s4dkt3m2,0.0488878
saylr1,0.010881
saylr3,0.0110039
saylr4,0.0121385
sc2010,0.0202332
scircuit,0.0160195
sd2010,0.0133304
se,0.0119286
semeion_10NN,0.0143053
shallow_water1,0.0119726
shallow_water2,0.0123372
shar_te2-b3,0.0157481
sherman1,0.0109588
sherman2,0.0162734
sherman3,0.011735
sherman4,0.0112773
sherman5,0.0124508
shermanACa,0.0129772
shermanACb,0.0148285
shermanACd,0.0143258
ship_001,0.0726374
ship_003,0.0948961
shipsec1,0.0892426
shipsec5,0.115863
shipsec8,0.0831437
shl_0,0.010878
shl_200,0.0109189
shl_400,0.0110633
shock-9,0.0114063
shuttle_eddy,0.0130007
shyy161,0.0122378
shyy41,0.0112169
sinc12,0.0226161
sinc15,0.0233011
sinc18,0.0246589
sit100,0.0120576
sk-2005,19.1988
skirt,0.0155802
smallworld,0.0157379
sme3Da,0.0253358
sme3Db,0.0333107
sme3Dc,0.0541614
smt,0.0530299
soc-Epinions1,0.0159918
soc-LiveJournal1,1.32551
soc-Pokec,0.447561
soc-Slashdot0811,0.0230267
soc-Slashdot0902,0.0238664
soc-sign-Slashdot081106,0.0174008
soc-sign-Slashdot090216,0.0183808
soc-sign-Slashdot090221,0.0185293
soc-sign-bitcoin-alpha,0.0126587
soc-sign-bitcoin-otc,0.0131461
soc-sign-epinions,0.0202906
spaceShuttleEntry_1,0.0129475
spaceShuttleEntry_2,0.015234
spaceShuttleEntry_3,0.0150047
spaceShuttleEntry_4,0.0156047
spaceStation_10,0.0142561
spaceStation_11,0.0143278
spaceStation_12,0.0146534
spaceStation_13,0.0146022
spaceStation_14,0.0141261
spaceStation_2,0.0142674
spaceStation_3,0.012757
spaceStation_4,0.0141056
spaceStation_5,0.0147118
spaceStation_6,0.0153129
spaceStation_7,0.0158054
spaceStation_8,0.0149688
spaceStation_9,0.0147487
sparsine,0.0303882
sphere3,0.0105042
spiral,0.0142766
spmsrtls,0.0126484
srb1,0.0450028
ss,0.384683
ss1,0.0156232
sstmodel,0.0114493
std1_Jac2,0.0255744
std1_Jac2_db,0.019842
std1_Jac3,0.026198
std1_Jac3_db,0.020736
steam1,0.0134195
steam2,0.0158013
stokes,3.62361
stokes128,0.0145377
stokes64,0.0134318
stokes64s,0.0134277
stomach,0.0484024
str_0,0.0114104
str_200,0.0121651
str_400,0.0121016
str_600,0.0121846
struct3,0.0180664
struct4,0.0207995
sts4098,0.0155279
stufe-10,0.0115026
stufe,0.0111145
swang1,0.0119828
swang2,0.0123064
sx-askubuntu,0.0199854
sx-mathoverflow,0.015959
sx-stackoverflow,0.68102
sx-superuser,0.0253829
t2d_q4,0.0126136
t2d_q9,0.0121928
t2dah,0.015148
t2dah_a,0.0150036
t2dah_e,0.0149494
t2dal,0.0121313
t2dal_a,0.0123187
t2dal_bci,0.0124631
t2dal_e,0.0109158
t2em,0.0656558
t3dh,0.0571412
t3dh_a,0.0571433
t3dh_e,0.0568146
t3dl,0.0191119
t3dl_a,0.0191027
t3dl_e,0.011093
t520,0.0192307
t60k,0.0123597
tandem_dual,0.0131502
tandem_vtx,0.0149586
ted_A,0.0243569
ted_AB,OOM
ted_AB_unscaled,OOM
ted_A_unscaled,0.0245105
ted_B,0.0148337
ted_B_unscaled,0.0150661
test1,0.15533
thermal,0.0153098
thermal1,0.0140206
thermal2,0.113484
thermomech_TC,0.0187914
thermomech_TK,0.0187986
thermomech_dK,0.0501197
thermomech_dM,0.02513
thread,0.0705372
tmt_sym,0.0661719
tmt_unsym,0.0655596
tn2010,0.023295
tols1090,0.0108032
tols2000,0.0109312
tols340,0.0113777
tols4000,0.0110172
tols90,0.0148296
tomography,0.019542
torsion1,0.012244
torso1,0.106364
torso2,0.0148736
torso3,0.061823
trans4,0.0190362
trans5,0.0188211
transient,0.018304
trdheim,0.0256205
troll,0.128173
tsyl201,0.0385382
tub1000,0.0105595
tube1,0.020565
tube2,0.0206346
tuma1,0.0116511
tuma2,0.0116152
tumorAntiAngiogenesis_1,0.0117238
tumorAntiAngiogenesis_2,0.0127334
tumorAntiAngiogenesis_3,0.0128758
tumorAntiAngiogenesis_4,0.0129751
tumorAntiAngiogenesis_5,0.0128809
tumorAntiAngiogenesis_6,0.0133222
tumorAntiAngiogenesis_7,0.012929
tumorAntiAngiogenesis_8,0.0134769
turon_m,0.0200438
twotone,0.0168325
tx2010,0.0691763
uk-2002,3.16582
uk-2005,9.38137
uk,0.0112077
ukerbe1,0.0109783
ukerbe1_dual,0.0107745
umistfacesnorm_10NN,0.0133878
usps_norm_5NN,0.0126034
usroads-48,0.0130744
usroads,0.013311
ut2010,0.0162212
utm1700b,0.0136049
utm300,0.0119962
utm3060,0.0141199
utm5940,0.0145285
va2010,0.024533
vanbody,0.0352768
vas_stokes_1M,0.369748
vas_stokes_2M,0.6884
vas_stokes_4M,1.36816
venkat01,0.0209347
venkat25,0.0212644
venkat50,0.0212613
venturiLevel3,0.223839
vfem,OOM
vibrobox,0.0209521
viscoplastic1,0.0148337
viscoplastic2,0.0149012
viscorocks,0.0200632
vsp_barth5_1Ksep_50in_5Kout,0.0138025
vsp_bcsstk30_500sep_10in_1Kout,0.068439
vsp_befref_fxm_2_4_air02,0.0156908
vsp_bump2_e18_aa01_model1_crew1,0.0166646
vsp_c-30_data_data,0.0147845
vsp_c-60_data_cti_cs4,0.0143882
vsp_data_and_seymourl,0.0153272
vsp_finan512_scagr7-2c_rlfddd,0.018688
vsp_mod2_pgp2_slptsk,0.0195953
vsp_model1_crew1_cr42_south31,0.0165304
vsp_msc10848_300sep_100in_1Kout,0.0429117
vsp_p0291_seymourl_iiasa,0.0142623
vsp_sctap1-2b_and_seymourl,0.0142797
vsp_south31_slptsk,0.016682
vsp_vibrobox_scagr7-2c_rlfddd,0.0181309
vt2010,0.0123556
wa2010,0.0203233
wang1,0.0117187
wang2,0.0121405
wang3,0.0121969
wang4,0.012247
water_tank,0.0290621
wathen100,0.0157727
wathen120,0.0154296
watt_1,0.0118917
watt_2,0.0117688
wave,0.0256215
waveguide3D,OOM
wb-cs-stanford,0.0119951
wb-edu,0.713307
web-BerkStan,0.0992348
web-Google,0.0897864
web-NotreDame,0.0209469
web-Stanford,0.0428933
webbase-1M,0.0526653
webbase-2001,11.7249
west0381,0.0109568
west0479,0.0108216
west0497,0.0105994
west0655,0.0107244
west0989,0.0106291
west1505,0.0108206
west2021,0.0107725
whitaker3,0.0121702
whitaker3_dual,0.0111636
wi2010,0.0228024
wiki-RfA,0.0194683
wiki-Talk,0.103538
wiki-Vote,0.0160389
wiki-talk-temporal,0.0634358
wiki-topcats,0.355981
wikipedia-20051105,0.302488
wikipedia-20060925,0.673035
wikipedia-20061104,0.723116
wikipedia-20070206,0.868221
windscreen,OOM
windtunnel_evap2d,0.0199414
windtunnel_evap3d,0.0473405
wing,0.0142756
wing_nodal,0.0153549
worms20_10NN,0.0151972
wv2010,0.0171172
ww_36_pmec_36,0.0140442
ww_vref_6405,0.0111882
wy2010,0.0147907
x104,0.111223
xenon1,0.0192748
xenon2,0.0517396
xingo3012,0.0121354
xingo_afonso_itaipu,0.0117535
yeast,0.0116941
yeast_30NN,0.0210729
young1c,OOM
young2c,OOM
young3c,0.0109814
young4c,OOM
zenios,0.0133048
zeros_nopss_13k,0.0117842
